tweets,clean_tweets,sentiment
RT @sweet_tingz1: Danica and Jamie are so cute together Iâ€™m glad she found someone ğŸ¥¹#LoveIsland https://t.co/XM9S956noS,rt sweet_tingz1 danica jamie cute glad found loveisland,positive
RT @ekinsuindiyah: Murad hosted that LI finale watch party not knowing it would be his retirement partyğŸ’€â€¦ Itâ€™s giving last supper #LoveIslaâ€¦,rt ekinsuindiyah murad hosted finale watch party knowing retirement party giving supper loveisla,neutral
RT @Nowhey14: Andrew unfollowed Jacques. We stan a supportive boyfriendğŸ˜Œ #loveisland https://t.co/7FD5aM9KOI,rt nowhey14 andrew unfollowed jacques stan supportive boyfriend loveisland,neutral
"Jazmine has shared a worrying update after her time on #LoveIsland 

https://t.co/jiCKhXFotT",jazmine shared worrying update time loveisland,neutral
"RT @LoveIsland: One Italian stallion, one Turkish delight, so many unforgettable momentsâ€¦ Ekin-Su and Davide are your #LoveIsland 2022 winnâ€¦",rt loveisland italian stallion turkish delight unforgettable moments ekinsu davide loveisland 2022 winn,neutral
"I have no doubt about the truth in Remiâ€™s accusation about Luca and Jacques. Do yous all wanna think about the way Luca and Jacques looked at each other once Remi had finished his rap, when heâ€™d first arrived in the villa? ğŸ¤” #RemiLoveIsland #LoveIsland #JacquesandLuca",doubt truth remis accusation luca jacques yous wan luca jacques looked remi finished rap hed arrived villa remiloveisland loveisland jacquesandluca,negative
RT @wowthatsbrazy: Jacques leaking footage about murad meraliâ€™s side hustle to take the heat off his bullying accusations #LoveIsland httpsâ€¦,rt wowthatsbrazy jacques leaking footage murad meralis side hustle heat bullying accusations loveisland https,neutral
RT @bellestoev: jaqcues and luca are disgusting #LoveIsland everyone read remiâ€™s post &amp;  open your damn eyes https://t.co/SlFEg73s7u,rt bellestoev jaqcues luca disgusting loveisland read remis post amp open damn eyes,neutral
"RT @IndiyahUpdates: Indiyah meeting Damiâ€™s grandma is the cutest thing ever ğŸ¥ºğŸ˜­ğŸ’—. Real ones know about Damiâ€™s grandma ğŸ¤­ğŸ˜‚

#LoveIsland #Damiyâ€¦",rt indiyahupdates indiyah meeting damis grandma cutest real damis grandma loveisland damiy,positive
RT @ella9635: The way middle age mothers feel about Princess Diana is the way I feel about Ekin su. #LoveIsland https://t.co/LB4tTezXug,rt ella9635 middle age mothers feel princess diana feel ekin loveisland,neutral
"RT @zamasokhela7: I'm so glad Davide was never apart of this ""fantastic four"" thing and never apart of any bullying or gossip, his problemsâ€¦",rt zamasokhela7 glad davide fantastic bullying gossip problems,positive
RT @shaujat_art: Drawing of @1ndiyah #LoveIsland #indiyah #dami #Damiyah #art #illustration #drawing https://t.co/waBiffE3hJ,rt shaujat_art drawing 1ndiyah loveisland indiyah dami damiyah art illustration drawing,neutral
RT @rranii__: Just found out Remi from love island lost his mom to suicide as she was struggling with mental health. This is so sad as he wâ€¦,rt rranii__ found remi love island lost mom suicide struggling mental health sad w,negative
"What is it going to be
Faith or Fear?
Pick one

#life #curiousmeğŸ¤” #TWICE #LoveIsland #poetry #Freelance #WritingCommunity #mentalhealth #justcurious",faith fear pick life curiousme loveisland poetry freelance writingcommunity mentalhealth justcurious,neutral
RT @dariushp357: Murad Merali trying to defend himself #loveisland #muradmerali  https://t.co/EMKLmExX4m,rt dariushp357 murad merali defend loveisland muradmerali,neutral
"RT @IndiyahUpdates: Indiyah via Instagram: Licked her tit or whatever ğŸ’‹

#LoveIsland #Damiyah #Indiyah https://t.co/JQ4CUvomvj",rt indiyahupdates indiyah instagram licked tit loveisland damiyah indiyah,neutral
indiyah being with dami actually makes me happy cuz she already said yesterday that they were making content together and we all know he likes to take pictures of her so weâ€™re gonna be fed these next two weeks (or so) that theyâ€™re together! #indiyah #LoveIsland #damiyah @1ndiyah,indiyah dami makes happy cuz yesterday making content likes pictures gon fed weeks theyre indiyah loveisland damiyah 1ndiyah,neutral
RT @JilishaMW: Jacques &amp; Luca saying they carried Love Island for 6 weeks is no different to Liam Payne saying he carried One Direction ğŸ˜’ğŸ˜’â€¦,rt jilishamw jacques amp luca carried love island 6 weeks different liam payne carried direction,positive
"RT @Metagar_co: ğŸ GIVEAWAY! ğŸ
Prize:
ğŸ†100$ 

Must:
Last 2 Tweet RT + Like ğŸ“Œ
 Tag 3 Friends ğŸ“Œ 

â°48 HR

#SolGiveaway #NFT #Solana #TRON #Cryâ€¦",rt metagar_co giveaway prize 100 2 tweet rt tag 3 friends 48 hr solgiveaway nft solana tron cry,neutral
"RT @georgiafeck: jacques and luca â€œhappeningâ€ to bully a deaf contestant and a black contestant is not a coincidence. these able-bodied, whâ€¦",rt georgiafeck jacques luca happening bully deaf contestant black contestant coincidence ablebodied wh,negative
RT @dangokingg: The only girl that needs to come back from casa amor is tigerlily. The rest of them were justâ€¦ğŸ¥±ğŸ¥±#LoveIslandUSA #LoveIslandâ€¦,rt dangokingg girl back casa amor tigerlily rest justloveislandusa loveisland,neutral
RT @Guille13349294: #ElGuille Acevedo CULEA a la abuela Margarita #TITY5ç¬¬2å›ãƒˆãƒƒãƒ—ãƒ¢ãƒ‡ãƒ«é¸æŒ™ .#ìœ¡ë…„ë™ì•ˆ_ë‚´ì‹¬ì¥ì˜ìƒ‰ì€_ë¸”ë™í•‘í¬ #à¸à¸´à¸©à¸£à¸±à¸à¸ªà¸µà¸Šà¸¡à¸à¸¹ #ìœ¡ë…„ë™ì•ˆ_ë‚´ì‹¬ì¥ì˜ìƒ‰ì€_ë¸”ë™í•‘í¬ #Lovâ€¦,rt guille13349294 elguille acevedo culea abuela margarita tity5ç¬¬2å›ãƒˆãƒƒãƒ—ãƒ¢ãƒ‡ãƒ«é¸æŒ™ ìœ¡ë…„ë™ì•ˆ_ë‚´ì‹¬ì¥ì˜ìƒ‰ì€_ë¸”ë™í•‘í¬ à¸à¸©à¸£à¸à¸ªà¸Šà¸¡à¸ ìœ¡ë…„ë™ì•ˆ_ë‚´ì‹¬ì¥ì˜ìƒ‰ì€_ë¸”ë™í•‘í¬ lov,neutral
RT @03683m: andrew and tasha both unfollowed jacques!! we love an unproblematic couple ğŸ¤ #loveIsland https://t.co/Dovf8OLuXA,rt 03683m andrew tasha unfollowed jacques love unproblematic couple loveisland,positive
"RT @trinawatters: Luca and Jacques saying they carried the show gives MAJOR Liam Payne saying he created One Direction energy 

#LoveIslandâ€¦",rt trinawatters luca jacques carried show major liam payne created direction energy loveisland,positive
#LoveIsland,loveisland,neutral
"RT @SanaRavishing: Love Islandâ€™s Jacques has shaded not 1, not 2 not 3 not 4 and not even 5 BUT 6 ISLANDERS he has shaded Ekin Su and Davidâ€¦",rt sanaravishing love islands jacques shaded 1 2 3 4 5 6 islanders shaded ekin david,positive
